dimension,min_samples,min_cluster_size,epsilon,total_clusters,outliers,Silhouette_score,cluster_results
500,None,5,0.0,18,279,0.5168471234034454,"[{'cluster_no': 1, 'count': 5}, {'cluster_no': 5, 'count': 5}, {'cluster_no': 13, 'count': 5}, {'cluster_no': 8, 'count': 6}, {'cluster_no': 3, 'count': 7}, {'cluster_no': 9, 'count': 7}, {'cluster_no': 16, 'count': 9}, {'cluster_no': 7, 'count': 10}, {'cluster_no': 0, 'count': 11}, {'cluster_no': 10, 'count': 18}, {'cluster_no': 11, 'count': 21}, {'cluster_no': 2, 'count': 24}, {'cluster_no': 6, 'count': 24}, {'cluster_no': 15, 'count': 30}, {'cluster_no': 14, 'count': 34}, {'cluster_no': 4, 'count': 39}, {'cluster_no': 12, 'count': 54}, {'cluster_no': -1, 'count': 279}]"
500,None,6,0.0,15,310,0.5224937764632359,"[{'cluster_no': 6, 'count': 6}, {'cluster_no': 8, 'count': 8}, {'cluster_no': 2, 'count': 9}, {'cluster_no': 13, 'count': 9}, {'cluster_no': 4, 'count': 10}, {'cluster_no': 0, 'count': 11}, {'cluster_no': 10, 'count': 16}, {'cluster_no': 9, 'count': 17}, {'cluster_no': 5, 'count': 19}, {'cluster_no': 1, 'count': 25}, {'cluster_no': 11, 'count': 28}, {'cluster_no': 12, 'count': 33}, {'cluster_no': 3, 'count': 34}, {'cluster_no': 7, 'count': 53}, {'cluster_no': -1, 'count': 310}]"
500,None,7,0.0,11,274,0.6810095929483606,"[{'cluster_no': 3, 'count': 9}, {'cluster_no': 0, 'count': 11}, {'cluster_no': 9, 'count': 15}, {'cluster_no': 8, 'count': 16}, {'cluster_no': 4, 'count': 21}, {'cluster_no': 7, 'count': 33}, {'cluster_no': 2, 'count': 40}, {'cluster_no': 1, 'count': 43}, {'cluster_no': 6, 'count': 48}, {'cluster_no': 5, 'count': 78}, {'cluster_no': -1, 'count': 274}]"
500,None,8,0.0,12,345,0.7509495464857914,"[{'cluster_no': 4, 'count': 8}, {'cluster_no': 0, 'count': 11}, {'cluster_no': 9, 'count': 14}, {'cluster_no': 3, 'count': 15}, {'cluster_no': 10, 'count': 15}, {'cluster_no': 5, 'count': 16}, {'cluster_no': 6, 'count': 17}, {'cluster_no': 8, 'count': 29}, {'cluster_no': 2, 'count': 35}, {'cluster_no': 1, 'count': 39}, {'cluster_no': 7, 'count': 44}, {'cluster_no': -1, 'count': 345}]"
500,None,9,0.0,9,278,0.508560236729261,"[{'cluster_no': 1, 'count': 11}, {'cluster_no': 4, 'count': 16}, {'cluster_no': 6, 'count': 17}, {'cluster_no': 7, 'count': 21}, {'cluster_no': 2, 'count': 37}, {'cluster_no': 0, 'count': 44}, {'cluster_no': 5, 'count': 66}, {'cluster_no': 3, 'count': 98}, {'cluster_no': -1, 'count': 278}]"
500,None,10,0.0,9,274,0.5903523002139183,"[{'cluster_no': 2, 'count': 11}, {'cluster_no': 4, 'count': 17}, {'cluster_no': 6, 'count': 18}, {'cluster_no': 7, 'count': 22}, {'cluster_no': 1, 'count': 40}, {'cluster_no': 0, 'count': 45}, {'cluster_no': 5, 'count': 63}, {'cluster_no': 3, 'count': 98}, {'cluster_no': -1, 'count': 274}]"
500,None,11,0.0,7,214,0.567641472109324,"[{'cluster_no': 3, 'count': 20}, {'cluster_no': 1, 'count': 35}, {'cluster_no': 5, 'count': 38}, {'cluster_no': 0, 'count': 43}, {'cluster_no': 4, 'count': 49}, {'cluster_no': 2, 'count': 189}, {'cluster_no': -1, 'count': 214}]"
500,None,12,0.0,7,200,0.5815370230415082,"[{'cluster_no': 3, 'count': 18}, {'cluster_no': 5, 'count': 36}, {'cluster_no': 1, 'count': 41}, {'cluster_no': 0, 'count': 47}, {'cluster_no': 4, 'count': 53}, {'cluster_no': 2, 'count': 193}, {'cluster_no': -1, 'count': 200}]"
500,None,13,0.0,7,200,0.571197987668042,"[{'cluster_no': 3, 'count': 16}, {'cluster_no': 5, 'count': 37}, {'cluster_no': 1, 'count': 40}, {'cluster_no': 0, 'count': 46}, {'cluster_no': 4, 'count': 53}, {'cluster_no': 2, 'count': 196}, {'cluster_no': -1, 'count': 200}]"
500,None,14,0.0,7,217,0.5746375142200626,"[{'cluster_no': 3, 'count': 17}, {'cluster_no': 5, 'count': 34}, {'cluster_no': 1, 'count': 38}, {'cluster_no': 0, 'count': 46}, {'cluster_no': 4, 'count': 52}, {'cluster_no': 2, 'count': 184}, {'cluster_no': -1, 'count': 217}]"
500,None,15,0.0,5,190,0.48984844483758205,"[{'cluster_no': 0, 'count': 43}, {'cluster_no': 1, 'count': 43}, {'cluster_no': 2, 'count': 142}, {'cluster_no': 3, 'count': 170}, {'cluster_no': -1, 'count': 190}]"
500,1,5,0.0,47,171,0.4519355364197384,"[{'cluster_no': 1, 'count': 5}, {'cluster_no': 8, 'count': 5}, {'cluster_no': 12, 'count': 5}, {'cluster_no': 16, 'count': 5}, {'cluster_no': 22, 'count': 5}, {'cluster_no': 31, 'count': 5}, {'cluster_no': 34, 'count': 5}, {'cluster_no': 43, 'count': 5}, {'cluster_no': 45, 'count': 5}, {'cluster_no': 5, 'count': 6}, {'cluster_no': 13, 'count': 6}, {'cluster_no': 17, 'count': 6}, {'cluster_no': 24, 'count': 6}, {'cluster_no': 25, 'count': 6}, {'cluster_no': 32, 'count': 6}, {'cluster_no': 33, 'count': 6}, {'cluster_no': 3, 'count': 7}, {'cluster_no': 4, 'count': 7}, {'cluster_no': 18, 'count': 7}, {'cluster_no': 20, 'count': 7}, {'cluster_no': 27, 'count': 7}, {'cluster_no': 38, 'count': 7}, {'cluster_no': 42, 'count': 7}, {'cluster_no': 2, 'count': 8}, {'cluster_no': 7, 'count': 8}, {'cluster_no': 11, 'count': 8}, {'cluster_no': 15, 'count': 8}, {'cluster_no': 21, 'count': 8}, {'cluster_no': 35, 'count': 8}, {'cluster_no': 9, 'count': 9}, {'cluster_no': 23, 'count': 9}, {'cluster_no': 37, 'count': 9}, {'cluster_no': 39, 'count': 9}, {'cluster_no': 19, 'count': 10}, {'cluster_no': 26, 'count': 10}, {'cluster_no': 29, 'count': 10}, {'cluster_no': 0, 'count': 12}, {'cluster_no': 14, 'count': 12}, {'cluster_no': 36, 'count': 12}, {'cluster_no': 10, 'count': 14}, {'cluster_no': 41, 'count': 15}, {'cluster_no': 6, 'count': 16}, {'cluster_no': 44, 'count': 17}, {'cluster_no': 40, 'count': 19}, {'cluster_no': 28, 'count': 24}, {'cluster_no': 30, 'count': 26}, {'cluster_no': -1, 'count': 171}]"
500,1,6,0.0,34,169,0.4546617519220377,"[{'cluster_no': 4, 'count': 6}, {'cluster_no': 12, 'count': 6}, {'cluster_no': 15, 'count': 6}, {'cluster_no': 16, 'count': 6}, {'cluster_no': 22, 'count': 6}, {'cluster_no': 23, 'count': 6}, {'cluster_no': 2, 'count': 7}, {'cluster_no': 3, 'count': 7}, {'cluster_no': 18, 'count': 7}, {'cluster_no': 28, 'count': 7}, {'cluster_no': 32, 'count': 7}, {'cluster_no': 1, 'count': 8}, {'cluster_no': 6, 'count': 8}, {'cluster_no': 11, 'count': 8}, {'cluster_no': 13, 'count': 8}, {'cluster_no': 25, 'count': 8}, {'cluster_no': 9, 'count': 9}, {'cluster_no': 14, 'count': 9}, {'cluster_no': 27, 'count': 9}, {'cluster_no': 29, 'count': 9}, {'cluster_no': 17, 'count': 10}, {'cluster_no': 20, 'count': 10}, {'cluster_no': 0, 'count': 12}, {'cluster_no': 10, 'count': 12}, {'cluster_no': 26, 'count': 12}, {'cluster_no': 31, 'count': 15}, {'cluster_no': 5, 'count': 16}, {'cluster_no': 30, 'count': 19}, {'cluster_no': 8, 'count': 21}, {'cluster_no': 19, 'count': 24}, {'cluster_no': 21, 'count': 26}, {'cluster_no': 24, 'count': 34}, {'cluster_no': 7, 'count': 61}, {'cluster_no': -1, 'count': 169}]"
500,1,7,0.0,28,164,0.44778930456252464,"[{'cluster_no': 2, 'count': 7}, {'cluster_no': 3, 'count': 7}, {'cluster_no': 14, 'count': 7}, {'cluster_no': 24, 'count': 7}, {'cluster_no': 1, 'count': 8}, {'cluster_no': 5, 'count': 8}, {'cluster_no': 9, 'count': 8}, {'cluster_no': 11, 'count': 8}, {'cluster_no': 21, 'count': 8}, {'cluster_no': 12, 'count': 9}, {'cluster_no': 23, 'count': 9}, {'cluster_no': 25, 'count': 9}, {'cluster_no': 13, 'count': 10}, {'cluster_no': 16, 'count': 10}, {'cluster_no': 0, 'count': 12}, {'cluster_no': 18, 'count': 12}, {'cluster_no': 22, 'count': 12}, {'cluster_no': 4, 'count': 16}, {'cluster_no': 10, 'count': 17}, {'cluster_no': 26, 'count': 19}, {'cluster_no': 7, 'count': 21}, {'cluster_no': 15, 'count': 24}, {'cluster_no': 8, 'count': 25}, {'cluster_no': 17, 'count': 26}, {'cluster_no': 19, 'count': 30}, {'cluster_no': 20, 'count': 34}, {'cluster_no': 6, 'count': 61}, {'cluster_no': -1, 'count': 164}]"
500,1,8,0.0,24,152,0.4340278021285213,"[{'cluster_no': 2, 'count': 8}, {'cluster_no': 4, 'count': 8}, {'cluster_no': 8, 'count': 8}, {'cluster_no': 10, 'count': 8}, {'cluster_no': 21, 'count': 8}, {'cluster_no': 11, 'count': 9}, {'cluster_no': 12, 'count': 10}, {'cluster_no': 14, 'count': 10}, {'cluster_no': 0, 'count': 12}, {'cluster_no': 17, 'count': 12}, {'cluster_no': 22, 'count': 12}, {'cluster_no': 1, 'count': 15}, {'cluster_no': 3, 'count': 16}, {'cluster_no': 9, 'count': 17}, {'cluster_no': 20, 'count': 20}, {'cluster_no': 6, 'count': 21}, {'cluster_no': 13, 'count': 24}, {'cluster_no': 7, 'count': 25}, {'cluster_no': 16, 'count': 26}, {'cluster_no': 18, 'count': 30}, {'cluster_no': 19, 'count': 34}, {'cluster_no': 15, 'count': 42}, {'cluster_no': 5, 'count': 61}, {'cluster_no': -1, 'count': 152}]"
500,1,9,0.0,19,149,0.3939794953747792,"[{'cluster_no': 7, 'count': 9}, {'cluster_no': 9, 'count': 10}, {'cluster_no': 11, 'count': 10}, {'cluster_no': 0, 'count': 12}, {'cluster_no': 14, 'count': 12}, {'cluster_no': 2, 'count': 15}, {'cluster_no': 6, 'count': 17}, {'cluster_no': 17, 'count': 20}, {'cluster_no': 4, 'count': 21}, {'cluster_no': 10, 'count': 24}, {'cluster_no': 5, 'count': 25}, {'cluster_no': 13, 'count': 26}, {'cluster_no': 15, 'count': 30}, {'cluster_no': 16, 'count': 34}, {'cluster_no': 8, 'count': 35}, {'cluster_no': 1, 'count': 36}, {'cluster_no': 12, 'count': 42}, {'cluster_no': 3, 'count': 61}, {'cluster_no': -1, 'count': 149}]"
500,1,10,0.0,16,142,0.3866284205992595,"[{'cluster_no': 9, 'count': 10}, {'cluster_no': 11, 'count': 10}, {'cluster_no': 0, 'count': 12}, {'cluster_no': 14, 'count': 12}, {'cluster_no': 2, 'count': 15}, {'cluster_no': 6, 'count': 17}, {'cluster_no': 4, 'count': 21}, {'cluster_no': 10, 'count': 24}, {'cluster_no': 5, 'count': 25}, {'cluster_no': 13, 'count': 26}, {'cluster_no': 8, 'count': 35}, {'cluster_no': 1, 'count': 36}, {'cluster_no': 12, 'count': 42}, {'cluster_no': 3, 'count': 61}, {'cluster_no': 7, 'count': 100}, {'cluster_no': -1, 'count': 142}]"
500,1,11,0.0,14,139,0.3825164903308646,"[{'cluster_no': 0, 'count': 12}, {'cluster_no': 12, 'count': 12}, {'cluster_no': 2, 'count': 15}, {'cluster_no': 6, 'count': 17}, {'cluster_no': 4, 'count': 21}, {'cluster_no': 10, 'count': 24}, {'cluster_no': 5, 'count': 25}, {'cluster_no': 11, 'count': 26}, {'cluster_no': 1, 'count': 36}, {'cluster_no': 8, 'count': 48}, {'cluster_no': 9, 'count': 52}, {'cluster_no': 3, 'count': 61}, {'cluster_no': 7, 'count': 100}, {'cluster_no': -1, 'count': 139}]"
500,1,12,0.0,14,139,0.3825164903308646,"[{'cluster_no': 0, 'count': 12}, {'cluster_no': 12, 'count': 12}, {'cluster_no': 2, 'count': 15}, {'cluster_no': 6, 'count': 17}, {'cluster_no': 4, 'count': 21}, {'cluster_no': 10, 'count': 24}, {'cluster_no': 5, 'count': 25}, {'cluster_no': 11, 'count': 26}, {'cluster_no': 1, 'count': 36}, {'cluster_no': 8, 'count': 48}, {'cluster_no': 9, 'count': 52}, {'cluster_no': 3, 'count': 61}, {'cluster_no': 7, 'count': 100}, {'cluster_no': -1, 'count': 139}]"
500,1,13,0.0,12,151,0.45724852116831316,"[{'cluster_no': 1, 'count': 15}, {'cluster_no': 5, 'count': 17}, {'cluster_no': 3, 'count': 21}, {'cluster_no': 9, 'count': 24}, {'cluster_no': 4, 'count': 25}, {'cluster_no': 0, 'count': 36}, {'cluster_no': 10, 'count': 38}, {'cluster_no': 7, 'count': 48}, {'cluster_no': 8, 'count': 52}, {'cluster_no': 2, 'count': 61}, {'cluster_no': 6, 'count': 100}, {'cluster_no': -1, 'count': 151}]"
500,1,14,0.0,12,151,0.45724852116831316,"[{'cluster_no': 1, 'count': 15}, {'cluster_no': 5, 'count': 17}, {'cluster_no': 3, 'count': 21}, {'cluster_no': 9, 'count': 24}, {'cluster_no': 4, 'count': 25}, {'cluster_no': 0, 'count': 36}, {'cluster_no': 10, 'count': 38}, {'cluster_no': 7, 'count': 48}, {'cluster_no': 8, 'count': 52}, {'cluster_no': 2, 'count': 61}, {'cluster_no': 6, 'count': 100}, {'cluster_no': -1, 'count': 151}]"
500,1,15,0.0,12,151,0.45724852116831316,"[{'cluster_no': 1, 'count': 15}, {'cluster_no': 5, 'count': 17}, {'cluster_no': 3, 'count': 21}, {'cluster_no': 9, 'count': 24}, {'cluster_no': 4, 'count': 25}, {'cluster_no': 0, 'count': 36}, {'cluster_no': 10, 'count': 38}, {'cluster_no': 7, 'count': 48}, {'cluster_no': 8, 'count': 52}, {'cluster_no': 2, 'count': 61}, {'cluster_no': 6, 'count': 100}, {'cluster_no': -1, 'count': 151}]"
500,2,5,0.0,34,160,0.3440529271726134,"[{'cluster_no': 11, 'count': 5}, {'cluster_no': 12, 'count': 5}, {'cluster_no': 14, 'count': 5}, {'cluster_no': 16, 'count': 5}, {'cluster_no': 23, 'count': 5}, {'cluster_no': 24, 'count': 5}, {'cluster_no': 25, 'count': 5}, {'cluster_no': 2, 'count': 6}, {'cluster_no': 9, 'count': 6}, {'cluster_no': 13, 'count': 6}, {'cluster_no': 28, 'count': 6}, {'cluster_no': 5, 'count': 7}, {'cluster_no': 10, 'count': 7}, {'cluster_no': 32, 'count': 7}, {'cluster_no': 3, 'count': 8}, {'cluster_no': 15, 'count': 8}, {'cluster_no': 18, 'count': 8}, {'cluster_no': 26, 'count': 8}, {'cluster_no': 31, 'count': 8}, {'cluster_no': 21, 'count': 9}, {'cluster_no': 17, 'count': 10}, {'cluster_no': 27, 'count': 12}, {'cluster_no': 0, 'count': 13}, {'cluster_no': 4, 'count': 14}, {'cluster_no': 1, 'count': 15}, {'cluster_no': 7, 'count': 19}, {'cluster_no': 19, 'count': 22}, {'cluster_no': 8, 'count': 23}, {'cluster_no': 29, 'count': 23}, {'cluster_no': 20, 'count': 24}, {'cluster_no': 30, 'count': 33}, {'cluster_no': 22, 'count': 35}, {'cluster_no': 6, 'count': 56}, {'cluster_no': -1, 'count': 160}]"
500,2,6,0.0,28,179,0.41305564739112416,"[{'cluster_no': 2, 'count': 6}, {'cluster_no': 9, 'count': 6}, {'cluster_no': 22, 'count': 6}, {'cluster_no': 5, 'count': 7}, {'cluster_no': 10, 'count': 7}, {'cluster_no': 26, 'count': 7}, {'cluster_no': 3, 'count': 8}, {'cluster_no': 12, 'count': 8}, {'cluster_no': 14, 'count': 8}, {'cluster_no': 20, 'count': 8}, {'cluster_no': 25, 'count': 8}, {'cluster_no': 18, 'count': 9}, {'cluster_no': 13, 'count': 10}, {'cluster_no': 11, 'count': 11}, {'cluster_no': 15, 'count': 11}, {'cluster_no': 21, 'count': 12}, {'cluster_no': 0, 'count': 13}, {'cluster_no': 4, 'count': 14}, {'cluster_no': 1, 'count': 15}, {'cluster_no': 7, 'count': 19}, {'cluster_no': 16, 'count': 22}, {'cluster_no': 8, 'count': 23}, {'cluster_no': 23, 'count': 23}, {'cluster_no': 17, 'count': 24}, {'cluster_no': 24, 'count': 33}, {'cluster_no': 19, 'count': 35}, {'cluster_no': 6, 'count': 56}, {'cluster_no': -1, 'count': 179}]"
500,2,7,0.0,22,171,0.3925457205851029,"[{'cluster_no': 4, 'count': 7}, {'cluster_no': 8, 'count': 7}, {'cluster_no': 2, 'count': 8}, {'cluster_no': 10, 'count': 8}, {'cluster_no': 12, 'count': 8}, {'cluster_no': 19, 'count': 8}, {'cluster_no': 17, 'count': 9}, {'cluster_no': 11, 'count': 10}, {'cluster_no': 9, 'count': 11}, {'cluster_no': 14, 'count': 11}, {'cluster_no': 20, 'count': 12}, {'cluster_no': 0, 'count': 13}, {'cluster_no': 3, 'count': 14}, {'cluster_no': 1, 'count': 15}, {'cluster_no': 6, 'count': 19}, {'cluster_no': 15, 'count': 22}, {'cluster_no': 7, 'count': 23}, {'cluster_no': 16, 'count': 24}, {'cluster_no': 18, 'count': 35}, {'cluster_no': 5, 'count': 56}, {'cluster_no': 13, 'count': 97}, {'cluster_no': -1, 'count': 171}]"
500,2,8,0.0,20,173,0.38987478014362664,"[{'cluster_no': 3, 'count': 8}, {'cluster_no': 8, 'count': 8}, {'cluster_no': 10, 'count': 8}, {'cluster_no': 17, 'count': 8}, {'cluster_no': 15, 'count': 9}, {'cluster_no': 9, 'count': 10}, {'cluster_no': 7, 'count': 11}, {'cluster_no': 12, 'count': 11}, {'cluster_no': 18, 'count': 12}, {'cluster_no': 0, 'count': 13}, {'cluster_no': 1, 'count': 15}, {'cluster_no': 5, 'count': 19}, {'cluster_no': 13, 'count': 22}, {'cluster_no': 6, 'count': 23}, {'cluster_no': 14, 'count': 24}, {'cluster_no': 2, 'count': 26}, {'cluster_no': 16, 'count': 35}, {'cluster_no': 4, 'count': 56}, {'cluster_no': 11, 'count': 97}, {'cluster_no': -1, 'count': 173}]"
500,2,9,0.0,16,177,0.3766586955669396,"[{'cluster_no': 13, 'count': 9}, {'cluster_no': 7, 'count': 10}, {'cluster_no': 6, 'count': 11}, {'cluster_no': 10, 'count': 11}, {'cluster_no': 0, 'count': 13}, {'cluster_no': 2, 'count': 15}, {'cluster_no': 4, 'count': 19}, {'cluster_no': 11, 'count': 22}, {'cluster_no': 5, 'count': 23}, {'cluster_no': 12, 'count': 24}, {'cluster_no': 9, 'count': 32}, {'cluster_no': 1, 'count': 34}, {'cluster_no': 14, 'count': 35}, {'cluster_no': 3, 'count': 56}, {'cluster_no': 8, 'count': 97}, {'cluster_no': -1, 'count': 177}]"
500,2,10,0.0,15,175,0.3666311372511272,"[{'cluster_no': 7, 'count': 10}, {'cluster_no': 6, 'count': 11}, {'cluster_no': 11, 'count': 11}, {'cluster_no': 0, 'count': 13}, {'cluster_no': 2, 'count': 15}, {'cluster_no': 4, 'count': 19}, {'cluster_no': 12, 'count': 22}, {'cluster_no': 5, 'count': 23}, {'cluster_no': 13, 'count': 24}, {'cluster_no': 10, 'count': 32}, {'cluster_no': 1, 'count': 34}, {'cluster_no': 8, 'count': 46}, {'cluster_no': 3, 'count': 56}, {'cluster_no': 9, 'count': 97}, {'cluster_no': -1, 'count': 175}]"
500,2,11,0.0,14,185,0.45658694259393917,"[{'cluster_no': 6, 'count': 11}, {'cluster_no': 10, 'count': 11}, {'cluster_no': 0, 'count': 13}, {'cluster_no': 2, 'count': 15}, {'cluster_no': 4, 'count': 19}, {'cluster_no': 11, 'count': 22}, {'cluster_no': 5, 'count': 23}, {'cluster_no': 12, 'count': 24}, {'cluster_no': 9, 'count': 32}, {'cluster_no': 1, 'count': 34}, {'cluster_no': 7, 'count': 46}, {'cluster_no': 3, 'count': 56}, {'cluster_no': 8, 'count': 97}, {'cluster_no': -1, 'count': 185}]"
500,2,12,0.0,12,207,0.5168976760028958,"[{'cluster_no': 0, 'count': 13}, {'cluster_no': 2, 'count': 15}, {'cluster_no': 4, 'count': 19}, {'cluster_no': 9, 'count': 22}, {'cluster_no': 5, 'count': 23}, {'cluster_no': 10, 'count': 24}, {'cluster_no': 8, 'count': 32}, {'cluster_no': 1, 'count': 34}, {'cluster_no': 6, 'count': 46}, {'cluster_no': 3, 'count': 56}, {'cluster_no': 7, 'count': 97}, {'cluster_no': -1, 'count': 207}]"
500,2,13,0.0,12,207,0.5168976760028958,"[{'cluster_no': 0, 'count': 13}, {'cluster_no': 2, 'count': 15}, {'cluster_no': 4, 'count': 19}, {'cluster_no': 9, 'count': 22}, {'cluster_no': 5, 'count': 23}, {'cluster_no': 10, 'count': 24}, {'cluster_no': 8, 'count': 32}, {'cluster_no': 1, 'count': 34}, {'cluster_no': 6, 'count': 46}, {'cluster_no': 3, 'count': 56}, {'cluster_no': 7, 'count': 97}, {'cluster_no': -1, 'count': 207}]"
500,2,14,0.0,11,220,0.5495774077484032,"[{'cluster_no': 1, 'count': 15}, {'cluster_no': 3, 'count': 19}, {'cluster_no': 8, 'count': 22}, {'cluster_no': 4, 'count': 23}, {'cluster_no': 9, 'count': 24}, {'cluster_no': 7, 'count': 32}, {'cluster_no': 0, 'count': 34}, {'cluster_no': 5, 'count': 46}, {'cluster_no': 2, 'count': 56}, {'cluster_no': 6, 'count': 97}, {'cluster_no': -1, 'count': 220}]"
500,2,15,0.0,11,220,0.5495774077484032,"[{'cluster_no': 1, 'count': 15}, {'cluster_no': 3, 'count': 19}, {'cluster_no': 8, 'count': 22}, {'cluster_no': 4, 'count': 23}, {'cluster_no': 9, 'count': 24}, {'cluster_no': 7, 'count': 32}, {'cluster_no': 0, 'count': 34}, {'cluster_no': 5, 'count': 46}, {'cluster_no': 2, 'count': 56}, {'cluster_no': 6, 'count': 97}, {'cluster_no': -1, 'count': 220}]"
500,3,5,0.0,27,214,0.5451576684611662,"[{'cluster_no': 1, 'count': 5}, {'cluster_no': 6, 'count': 5}, {'cluster_no': 9, 'count': 5}, {'cluster_no': 11, 'count': 5}, {'cluster_no': 16, 'count': 5}, {'cluster_no': 10, 'count': 6}, {'cluster_no': 15, 'count': 6}, {'cluster_no': 4, 'count': 7}, {'cluster_no': 14, 'count': 7}, {'cluster_no': 24, 'count': 7}, {'cluster_no': 12, 'count': 8}, {'cluster_no': 13, 'count': 9}, {'cluster_no': 19, 'count': 9}, {'cluster_no': 7, 'count': 10}, {'cluster_no': 8, 'count': 10}, {'cluster_no': 0, 'count': 12}, {'cluster_no': 2, 'count': 12}, {'cluster_no': 25, 'count': 13}, {'cluster_no': 17, 'count': 17}, {'cluster_no': 18, 'count': 17}, {'cluster_no': 20, 'count': 17}, {'cluster_no': 21, 'count': 20}, {'cluster_no': 3, 'count': 25}, {'cluster_no': 23, 'count': 35}, {'cluster_no': 5, 'count': 50}, {'cluster_no': 22, 'count': 52}, {'cluster_no': -1, 'count': 214}]"
500,3,6,0.0,21,214,0.49265588482686085,"[{'cluster_no': 6, 'count': 6}, {'cluster_no': 10, 'count': 6}, {'cluster_no': 3, 'count': 7}, {'cluster_no': 9, 'count': 7}, {'cluster_no': 18, 'count': 7}, {'cluster_no': 7, 'count': 8}, {'cluster_no': 8, 'count': 9}, {'cluster_no': 13, 'count': 9}, {'cluster_no': 0, 'count': 12}, {'cluster_no': 1, 'count': 12}, {'cluster_no': 19, 'count': 13}, {'cluster_no': 12, 'count': 17}, {'cluster_no': 14, 'count': 17}, {'cluster_no': 15, 'count': 20}, {'cluster_no': 2, 'count': 25}, {'cluster_no': 11, 'count': 25}, {'cluster_no': 17, 'count': 35}, {'cluster_no': 5, 'count': 37}, {'cluster_no': 4, 'count': 50}, {'cluster_no': 16, 'count': 52}, {'cluster_no': -1, 'count': 214}]"
500,3,7,0.0,19,226,0.5300878273441929,"[{'cluster_no': 3, 'count': 7}, {'cluster_no': 8, 'count': 7}, {'cluster_no': 16, 'count': 7}, {'cluster_no': 6, 'count': 8}, {'cluster_no': 7, 'count': 9}, {'cluster_no': 11, 'count': 9}, {'cluster_no': 0, 'count': 12}, {'cluster_no': 1, 'count': 12}, {'cluster_no': 17, 'count': 13}, {'cluster_no': 10, 'count': 17}, {'cluster_no': 12, 'count': 17}, {'cluster_no': 13, 'count': 20}, {'cluster_no': 2, 'count': 25}, {'cluster_no': 9, 'count': 25}, {'cluster_no': 15, 'count': 35}, {'cluster_no': 5, 'count': 37}, {'cluster_no': 4, 'count': 50}, {'cluster_no': 14, 'count': 52}, {'cluster_no': -1, 'count': 226}]"
500,3,8,0.0,16,226,0.4572152889035992,"[{'cluster_no': 5, 'count': 8}, {'cluster_no': 6, 'count': 9}, {'cluster_no': 10, 'count': 9}, {'cluster_no': 0, 'count': 12}, {'cluster_no': 2, 'count': 12}, {'cluster_no': 8, 'count': 17}, {'cluster_no': 11, 'count': 17}, {'cluster_no': 12, 'count': 20}, {'cluster_no': 7, 'count': 25}, {'cluster_no': 9, 'count': 27}, {'cluster_no': 1, 'count': 32}, {'cluster_no': 14, 'count': 35}, {'cluster_no': 4, 'count': 37}, {'cluster_no': 3, 'count': 50}, {'cluster_no': 13, 'count': 52}, {'cluster_no': -1, 'count': 226}]"
500,3,9,0.0,15,234,0.4527092363457106,"[{'cluster_no': 5, 'count': 9}, {'cluster_no': 9, 'count': 9}, {'cluster_no': 0, 'count': 12}, {'cluster_no': 2, 'count': 12}, {'cluster_no': 7, 'count': 17}, {'cluster_no': 10, 'count': 17}, {'cluster_no': 11, 'count': 20}, {'cluster_no': 6, 'count': 25}, {'cluster_no': 8, 'count': 27}, {'cluster_no': 1, 'count': 32}, {'cluster_no': 13, 'count': 35}, {'cluster_no': 4, 'count': 37}, {'cluster_no': 3, 'count': 50}, {'cluster_no': 12, 'count': 52}, {'cluster_no': -1, 'count': 234}]"
500,3,10,0.0,13,252,0.5020651468024868,"[{'cluster_no': 0, 'count': 12}, {'cluster_no': 2, 'count': 12}, {'cluster_no': 6, 'count': 17}, {'cluster_no': 8, 'count': 17}, {'cluster_no': 9, 'count': 20}, {'cluster_no': 5, 'count': 25}, {'cluster_no': 7, 'count': 27}, {'cluster_no': 1, 'count': 32}, {'cluster_no': 11, 'count': 35}, {'cluster_no': 4, 'count': 37}, {'cluster_no': 3, 'count': 50}, {'cluster_no': 10, 'count': 52}, {'cluster_no': -1, 'count': 252}]"
500,3,11,0.0,13,252,0.5020651468024868,"[{'cluster_no': 0, 'count': 12}, {'cluster_no': 2, 'count': 12}, {'cluster_no': 6, 'count': 17}, {'cluster_no': 8, 'count': 17}, {'cluster_no': 9, 'count': 20}, {'cluster_no': 5, 'count': 25}, {'cluster_no': 7, 'count': 27}, {'cluster_no': 1, 'count': 32}, {'cluster_no': 11, 'count': 35}, {'cluster_no': 4, 'count': 37}, {'cluster_no': 3, 'count': 50}, {'cluster_no': 10, 'count': 52}, {'cluster_no': -1, 'count': 252}]"
500,3,12,0.0,13,252,0.5020651468024868,"[{'cluster_no': 0, 'count': 12}, {'cluster_no': 2, 'count': 12}, {'cluster_no': 6, 'count': 17}, {'cluster_no': 8, 'count': 17}, {'cluster_no': 9, 'count': 20}, {'cluster_no': 5, 'count': 25}, {'cluster_no': 7, 'count': 27}, {'cluster_no': 1, 'count': 32}, {'cluster_no': 11, 'count': 35}, {'cluster_no': 4, 'count': 37}, {'cluster_no': 3, 'count': 50}, {'cluster_no': 10, 'count': 52}, {'cluster_no': -1, 'count': 252}]"
500,3,13,0.0,11,252,0.5563756399302029,"[{'cluster_no': 4, 'count': 17}, {'cluster_no': 6, 'count': 17}, {'cluster_no': 7, 'count': 20}, {'cluster_no': 3, 'count': 25}, {'cluster_no': 5, 'count': 27}, {'cluster_no': 9, 'count': 35}, {'cluster_no': 2, 'count': 37}, {'cluster_no': 1, 'count': 50}, {'cluster_no': 8, 'count': 52}, {'cluster_no': 0, 'count': 56}, {'cluster_no': -1, 'count': 252}]"
500,3,14,0.0,11,252,0.5563756399302029,"[{'cluster_no': 4, 'count': 17}, {'cluster_no': 6, 'count': 17}, {'cluster_no': 7, 'count': 20}, {'cluster_no': 3, 'count': 25}, {'cluster_no': 5, 'count': 27}, {'cluster_no': 9, 'count': 35}, {'cluster_no': 2, 'count': 37}, {'cluster_no': 1, 'count': 50}, {'cluster_no': 8, 'count': 52}, {'cluster_no': 0, 'count': 56}, {'cluster_no': -1, 'count': 252}]"
500,3,15,0.0,11,252,0.5563756399302029,"[{'cluster_no': 4, 'count': 17}, {'cluster_no': 6, 'count': 17}, {'cluster_no': 7, 'count': 20}, {'cluster_no': 3, 'count': 25}, {'cluster_no': 5, 'count': 27}, {'cluster_no': 9, 'count': 35}, {'cluster_no': 2, 'count': 37}, {'cluster_no': 1, 'count': 50}, {'cluster_no': 8, 'count': 52}, {'cluster_no': 0, 'count': 56}, {'cluster_no': -1, 'count': 252}]"
500,4,5,0.0,27,269,0.5707419617485142,"[{'cluster_no': 2, 'count': 5}, {'cluster_no': 3, 'count': 5}, {'cluster_no': 7, 'count': 5}, {'cluster_no': 10, 'count': 5}, {'cluster_no': 12, 'count': 5}, {'cluster_no': 25, 'count': 5}, {'cluster_no': 0, 'count': 6}, {'cluster_no': 8, 'count': 6}, {'cluster_no': 23, 'count': 6}, {'cluster_no': 5, 'count': 7}, {'cluster_no': 14, 'count': 7}, {'cluster_no': 6, 'count': 8}, {'cluster_no': 20, 'count': 8}, {'cluster_no': 18, 'count': 9}, {'cluster_no': 15, 'count': 10}, {'cluster_no': 21, 'count': 11}, {'cluster_no': 24, 'count': 11}, {'cluster_no': 1, 'count': 12}, {'cluster_no': 13, 'count': 14}, {'cluster_no': 17, 'count': 15}, {'cluster_no': 19, 'count': 17}, {'cluster_no': 22, 'count': 17}, {'cluster_no': 11, 'count': 23}, {'cluster_no': 4, 'count': 24}, {'cluster_no': 9, 'count': 29}, {'cluster_no': 16, 'count': 49}, {'cluster_no': -1, 'count': 269}]"
500,4,6,0.0,21,271,0.5823243392718189,"[{'cluster_no': 0, 'count': 6}, {'cluster_no': 6, 'count': 6}, {'cluster_no': 19, 'count': 6}, {'cluster_no': 3, 'count': 7}, {'cluster_no': 9, 'count': 7}, {'cluster_no': 4, 'count': 8}, {'cluster_no': 15, 'count': 8}, {'cluster_no': 13, 'count': 9}, {'cluster_no': 10, 'count': 10}, {'cluster_no': 16, 'count': 11}, {'cluster_no': 1, 'count': 12}, {'cluster_no': 8, 'count': 14}, {'cluster_no': 12, 'count': 15}, {'cluster_no': 14, 'count': 17}, {'cluster_no': 17, 'count': 17}, {'cluster_no': 18, 'count': 18}, {'cluster_no': 2, 'count': 24}, {'cluster_no': 7, 'count': 29}, {'cluster_no': 5, 'count': 44}, {'cluster_no': 11, 'count': 49}, {'cluster_no': -1, 'count': 271}]"
500,4,7,0.0,18,282,0.6041230020815459,"[{'cluster_no': 2, 'count': 7}, {'cluster_no': 7, 'count': 7}, {'cluster_no': 3, 'count': 8}, {'cluster_no': 13, 'count': 8}, {'cluster_no': 11, 'count': 9}, {'cluster_no': 8, 'count': 10}, {'cluster_no': 14, 'count': 11}, {'cluster_no': 0, 'count': 12}, {'cluster_no': 6, 'count': 14}, {'cluster_no': 10, 'count': 15}, {'cluster_no': 12, 'count': 17}, {'cluster_no': 15, 'count': 17}, {'cluster_no': 1, 'count': 24}, {'cluster_no': 16, 'count': 25}, {'cluster_no': 5, 'count': 29}, {'cluster_no': 4, 'count': 44}, {'cluster_no': 9, 'count': 49}, {'cluster_no': -1, 'count': 282}]"
500,4,8,0.0,16,256,0.5939259042754215,"[{'cluster_no': 2, 'count': 8}, {'cluster_no': 11, 'count': 8}, {'cluster_no': 9, 'count': 9}, {'cluster_no': 6, 'count': 10}, {'cluster_no': 12, 'count': 11}, {'cluster_no': 0, 'count': 12}, {'cluster_no': 8, 'count': 15}, {'cluster_no': 10, 'count': 17}, {'cluster_no': 13, 'count': 17}, {'cluster_no': 14, 'count': 25}, {'cluster_no': 5, 'count': 27}, {'cluster_no': 4, 'count': 29}, {'cluster_no': 3, 'count': 44}, {'cluster_no': 7, 'count': 49}, {'cluster_no': 1, 'count': 51}, {'cluster_no': -1, 'count': 256}]"
500,4,9,0.0,14,264,0.6277271473199024,"[{'cluster_no': 8, 'count': 9}, {'cluster_no': 5, 'count': 10}, {'cluster_no': 0, 'count': 12}, {'cluster_no': 7, 'count': 15}, {'cluster_no': 10, 'count': 17}, {'cluster_no': 11, 'count': 17}, {'cluster_no': 9, 'count': 19}, {'cluster_no': 12, 'count': 25}, {'cluster_no': 4, 'count': 27}, {'cluster_no': 3, 'count': 29}, {'cluster_no': 2, 'count': 44}, {'cluster_no': 6, 'count': 49}, {'cluster_no': 1, 'count': 51}, {'cluster_no': -1, 'count': 264}]"
500,4,10,0.0,13,259,0.6455842342574014,"[{'cluster_no': 5, 'count': 10}, {'cluster_no': 0, 'count': 12}, {'cluster_no': 9, 'count': 17}, {'cluster_no': 10, 'count': 17}, {'cluster_no': 8, 'count': 19}, {'cluster_no': 11, 'count': 25}, {'cluster_no': 4, 'count': 27}, {'cluster_no': 3, 'count': 29}, {'cluster_no': 7, 'count': 29}, {'cluster_no': 2, 'count': 44}, {'cluster_no': 6, 'count': 49}, {'cluster_no': 1, 'count': 51}, {'cluster_no': -1, 'count': 259}]"
500,4,11,0.0,9,209,0.36219307869947903,"[{'cluster_no': 0, 'count': 12}, {'cluster_no': 5, 'count': 27}, {'cluster_no': 3, 'count': 29}, {'cluster_no': 7, 'count': 29}, {'cluster_no': 2, 'count': 44}, {'cluster_no': 6, 'count': 49}, {'cluster_no': 1, 'count': 51}, {'cluster_no': 4, 'count': 138}, {'cluster_no': -1, 'count': 209}]"
500,4,12,0.0,9,209,0.36219307869947903,"[{'cluster_no': 0, 'count': 12}, {'cluster_no': 5, 'count': 27}, {'cluster_no': 3, 'count': 29}, {'cluster_no': 7, 'count': 29}, {'cluster_no': 2, 'count': 44}, {'cluster_no': 6, 'count': 49}, {'cluster_no': 1, 'count': 51}, {'cluster_no': 4, 'count': 138}, {'cluster_no': -1, 'count': 209}]"
500,4,13,0.0,8,221,0.37124474208613534,"[{'cluster_no': 4, 'count': 27}, {'cluster_no': 2, 'count': 29}, {'cluster_no': 6, 'count': 29}, {'cluster_no': 1, 'count': 44}, {'cluster_no': 5, 'count': 49}, {'cluster_no': 0, 'count': 51}, {'cluster_no': 3, 'count': 138}, {'cluster_no': -1, 'count': 221}]"
500,4,14,0.0,8,221,0.37124474208613534,"[{'cluster_no': 4, 'count': 27}, {'cluster_no': 2, 'count': 29}, {'cluster_no': 6, 'count': 29}, {'cluster_no': 1, 'count': 44}, {'cluster_no': 5, 'count': 49}, {'cluster_no': 0, 'count': 51}, {'cluster_no': 3, 'count': 138}, {'cluster_no': -1, 'count': 221}]"
500,4,15,0.0,8,221,0.37124474208613534,"[{'cluster_no': 4, 'count': 27}, {'cluster_no': 2, 'count': 29}, {'cluster_no': 6, 'count': 29}, {'cluster_no': 1, 'count': 44}, {'cluster_no': 5, 'count': 49}, {'cluster_no': 0, 'count': 51}, {'cluster_no': 3, 'count': 138}, {'cluster_no': -1, 'count': 221}]"
500,5,5,0.0,18,279,0.5168471234034454,"[{'cluster_no': 1, 'count': 5}, {'cluster_no': 5, 'count': 5}, {'cluster_no': 13, 'count': 5}, {'cluster_no': 8, 'count': 6}, {'cluster_no': 3, 'count': 7}, {'cluster_no': 9, 'count': 7}, {'cluster_no': 16, 'count': 9}, {'cluster_no': 7, 'count': 10}, {'cluster_no': 0, 'count': 11}, {'cluster_no': 10, 'count': 18}, {'cluster_no': 11, 'count': 21}, {'cluster_no': 2, 'count': 24}, {'cluster_no': 6, 'count': 24}, {'cluster_no': 15, 'count': 30}, {'cluster_no': 14, 'count': 34}, {'cluster_no': 4, 'count': 39}, {'cluster_no': 12, 'count': 54}, {'cluster_no': -1, 'count': 279}]"
500,5,6,0.0,15,286,0.5661341433669866,"[{'cluster_no': 7, 'count': 6}, {'cluster_no': 2, 'count': 7}, {'cluster_no': 8, 'count': 7}, {'cluster_no': 13, 'count': 9}, {'cluster_no': 5, 'count': 10}, {'cluster_no': 0, 'count': 11}, {'cluster_no': 9, 'count': 18}, {'cluster_no': 10, 'count': 21}, {'cluster_no': 1, 'count': 24}, {'cluster_no': 4, 'count': 24}, {'cluster_no': 12, 'count': 30}, {'cluster_no': 11, 'count': 34}, {'cluster_no': 3, 'count': 39}, {'cluster_no': 6, 'count': 62}, {'cluster_no': -1, 'count': 286}]"
500,5,7,0.0,14,284,0.5768781352148328,"[{'cluster_no': 2, 'count': 7}, {'cluster_no': 12, 'count': 9}, {'cluster_no': 5, 'count': 10}, {'cluster_no': 0, 'count': 11}, {'cluster_no': 6, 'count': 15}, {'cluster_no': 8, 'count': 18}, {'cluster_no': 9, 'count': 21}, {'cluster_no': 1, 'count': 24}, {'cluster_no': 4, 'count': 24}, {'cluster_no': 11, 'count': 30}, {'cluster_no': 10, 'count': 34}, {'cluster_no': 3, 'count': 39}, {'cluster_no': 7, 'count': 62}, {'cluster_no': -1, 'count': 284}]"
500,5,8,0.0,13,259,0.5552757133255162,"[{'cluster_no': 11, 'count': 9}, {'cluster_no': 4, 'count': 10}, {'cluster_no': 0, 'count': 11}, {'cluster_no': 5, 'count': 15}, {'cluster_no': 7, 'count': 18}, {'cluster_no': 8, 'count': 21}, {'cluster_no': 3, 'count': 24}, {'cluster_no': 10, 'count': 30}, {'cluster_no': 9, 'count': 34}, {'cluster_no': 2, 'count': 39}, {'cluster_no': 1, 'count': 56}, {'cluster_no': 6, 'count': 62}, {'cluster_no': -1, 'count': 259}]"
500,5,9,0.0,12,251,0.5953825411811341,"[{'cluster_no': 4, 'count': 10}, {'cluster_no': 0, 'count': 11}, {'cluster_no': 5, 'count': 15}, {'cluster_no': 7, 'count': 18}, {'cluster_no': 8, 'count': 21}, {'cluster_no': 3, 'count': 24}, {'cluster_no': 10, 'count': 34}, {'cluster_no': 2, 'count': 39}, {'cluster_no': 9, 'count': 47}, {'cluster_no': 1, 'count': 56}, {'cluster_no': 6, 'count': 62}, {'cluster_no': -1, 'count': 251}]"
500,5,10,0.0,12,251,0.5953825411811341,"[{'cluster_no': 4, 'count': 10}, {'cluster_no': 0, 'count': 11}, {'cluster_no': 5, 'count': 15}, {'cluster_no': 7, 'count': 18}, {'cluster_no': 8, 'count': 21}, {'cluster_no': 3, 'count': 24}, {'cluster_no': 10, 'count': 34}, {'cluster_no': 2, 'count': 39}, {'cluster_no': 9, 'count': 47}, {'cluster_no': 1, 'count': 56}, {'cluster_no': 6, 'count': 62}, {'cluster_no': -1, 'count': 251}]"
500,5,11,0.0,10,237,0.5790151925472716,"[{'cluster_no': 0, 'count': 11}, {'cluster_no': 5, 'count': 15}, {'cluster_no': 4, 'count': 24}, {'cluster_no': 8, 'count': 34}, {'cluster_no': 2, 'count': 39}, {'cluster_no': 7, 'count': 47}, {'cluster_no': 1, 'count': 56}, {'cluster_no': 6, 'count': 62}, {'cluster_no': 3, 'count': 63}, {'cluster_no': -1, 'count': 237}]"
500,5,12,0.0,9,248,0.6017377818920343,"[{'cluster_no': 4, 'count': 15}, {'cluster_no': 3, 'count': 24}, {'cluster_no': 7, 'count': 34}, {'cluster_no': 1, 'count': 39}, {'cluster_no': 6, 'count': 47}, {'cluster_no': 0, 'count': 56}, {'cluster_no': 5, 'count': 62}, {'cluster_no': 2, 'count': 63}, {'cluster_no': -1, 'count': 248}]"
500,5,13,0.0,9,248,0.6017377818920343,"[{'cluster_no': 4, 'count': 15}, {'cluster_no': 3, 'count': 24}, {'cluster_no': 7, 'count': 34}, {'cluster_no': 1, 'count': 39}, {'cluster_no': 6, 'count': 47}, {'cluster_no': 0, 'count': 56}, {'cluster_no': 5, 'count': 62}, {'cluster_no': 2, 'count': 63}, {'cluster_no': -1, 'count': 248}]"
500,5,14,0.0,9,248,0.6017377818920343,"[{'cluster_no': 4, 'count': 15}, {'cluster_no': 3, 'count': 24}, {'cluster_no': 7, 'count': 34}, {'cluster_no': 1, 'count': 39}, {'cluster_no': 6, 'count': 47}, {'cluster_no': 0, 'count': 56}, {'cluster_no': 5, 'count': 62}, {'cluster_no': 2, 'count': 63}, {'cluster_no': -1, 'count': 248}]"
500,5,15,0.0,9,248,0.6017377818920343,"[{'cluster_no': 4, 'count': 15}, {'cluster_no': 3, 'count': 24}, {'cluster_no': 7, 'count': 34}, {'cluster_no': 1, 'count': 39}, {'cluster_no': 6, 'count': 47}, {'cluster_no': 0, 'count': 56}, {'cluster_no': 5, 'count': 62}, {'cluster_no': 2, 'count': 63}, {'cluster_no': -1, 'count': 248}]"
500,6,5,0.0,17,300,0.49875332046305737,"[{'cluster_no': 1, 'count': 5}, {'cluster_no': 4, 'count': 5}, {'cluster_no': 8, 'count': 6}, {'cluster_no': 10, 'count': 8}, {'cluster_no': 3, 'count': 9}, {'cluster_no': 15, 'count': 9}, {'cluster_no': 6, 'count': 10}, {'cluster_no': 0, 'count': 11}, {'cluster_no': 12, 'count': 16}, {'cluster_no': 11, 'count': 17}, {'cluster_no': 7, 'count': 19}, {'cluster_no': 2, 'count': 25}, {'cluster_no': 13, 'count': 28}, {'cluster_no': 14, 'count': 33}, {'cluster_no': 5, 'count': 34}, {'cluster_no': 9, 'count': 53}, {'cluster_no': -1, 'count': 300}]"
500,6,6,0.0,15,310,0.5224937764632359,"[{'cluster_no': 6, 'count': 6}, {'cluster_no': 8, 'count': 8}, {'cluster_no': 2, 'count': 9}, {'cluster_no': 13, 'count': 9}, {'cluster_no': 4, 'count': 10}, {'cluster_no': 0, 'count': 11}, {'cluster_no': 10, 'count': 16}, {'cluster_no': 9, 'count': 17}, {'cluster_no': 5, 'count': 19}, {'cluster_no': 1, 'count': 25}, {'cluster_no': 11, 'count': 28}, {'cluster_no': 12, 'count': 33}, {'cluster_no': 3, 'count': 34}, {'cluster_no': 7, 'count': 53}, {'cluster_no': -1, 'count': 310}]"
500,6,7,0.0,14,316,0.5666456254312894,"[{'cluster_no': 7, 'count': 8}, {'cluster_no': 2, 'count': 9}, {'cluster_no': 12, 'count': 9}, {'cluster_no': 4, 'count': 10}, {'cluster_no': 0, 'count': 11}, {'cluster_no': 9, 'count': 16}, {'cluster_no': 8, 'count': 17}, {'cluster_no': 5, 'count': 19}, {'cluster_no': 1, 'count': 25}, {'cluster_no': 10, 'count': 28}, {'cluster_no': 11, 'count': 33}, {'cluster_no': 3, 'count': 34}, {'cluster_no': 6, 'count': 53}, {'cluster_no': -1, 'count': 316}]"
500,6,8,0.0,14,316,0.5666456254312894,"[{'cluster_no': 7, 'count': 8}, {'cluster_no': 2, 'count': 9}, {'cluster_no': 12, 'count': 9}, {'cluster_no': 4, 'count': 10}, {'cluster_no': 0, 'count': 11}, {'cluster_no': 9, 'count': 16}, {'cluster_no': 8, 'count': 17}, {'cluster_no': 5, 'count': 19}, {'cluster_no': 1, 'count': 25}, {'cluster_no': 10, 'count': 28}, {'cluster_no': 11, 'count': 33}, {'cluster_no': 3, 'count': 34}, {'cluster_no': 6, 'count': 53}, {'cluster_no': -1, 'count': 316}]"
500,6,9,0.0,13,294,0.647514267469675,"[{'cluster_no': 2, 'count': 9}, {'cluster_no': 11, 'count': 9}, {'cluster_no': 5, 'count': 10}, {'cluster_no': 0, 'count': 11}, {'cluster_no': 8, 'count': 16}, {'cluster_no': 7, 'count': 17}, {'cluster_no': 6, 'count': 19}, {'cluster_no': 1, 'count': 25}, {'cluster_no': 9, 'count': 28}, {'cluster_no': 10, 'count': 33}, {'cluster_no': 3, 'count': 34}, {'cluster_no': 4, 'count': 83}, {'cluster_no': -1, 'count': 294}]"
500,6,10,0.0,11,273,0.7027129778172075,"[{'cluster_no': 4, 'count': 10}, {'cluster_no': 0, 'count': 11}, {'cluster_no': 7, 'count': 16}, {'cluster_no': 6, 'count': 17}, {'cluster_no': 5, 'count': 19}, {'cluster_no': 9, 'count': 28}, {'cluster_no': 2, 'count': 34}, {'cluster_no': 8, 'count': 45}, {'cluster_no': 1, 'count': 52}, {'cluster_no': 3, 'count': 83}, {'cluster_no': -1, 'count': 273}]"
500,6,11,0.0,9,253,0.6846181611854002,"[{'cluster_no': 0, 'count': 11}, {'cluster_no': 5, 'count': 19}, {'cluster_no': 7, 'count': 28}, {'cluster_no': 2, 'count': 34}, {'cluster_no': 6, 'count': 45}, {'cluster_no': 1, 'count': 52}, {'cluster_no': 3, 'count': 63}, {'cluster_no': 4, 'count': 83}, {'cluster_no': -1, 'count': 253}]"
500,6,12,0.0,8,264,0.7014389808519341,"[{'cluster_no': 4, 'count': 19}, {'cluster_no': 6, 'count': 28}, {'cluster_no': 1, 'count': 34}, {'cluster_no': 5, 'count': 45}, {'cluster_no': 0, 'count': 52}, {'cluster_no': 2, 'count': 63}, {'cluster_no': 3, 'count': 83}, {'cluster_no': -1, 'count': 264}]"
500,6,13,0.0,8,264,0.7014389808519341,"[{'cluster_no': 4, 'count': 19}, {'cluster_no': 6, 'count': 28}, {'cluster_no': 1, 'count': 34}, {'cluster_no': 5, 'count': 45}, {'cluster_no': 0, 'count': 52}, {'cluster_no': 2, 'count': 63}, {'cluster_no': 3, 'count': 83}, {'cluster_no': -1, 'count': 264}]"
500,6,14,0.0,8,264,0.7014389808519341,"[{'cluster_no': 4, 'count': 19}, {'cluster_no': 6, 'count': 28}, {'cluster_no': 1, 'count': 34}, {'cluster_no': 5, 'count': 45}, {'cluster_no': 0, 'count': 52}, {'cluster_no': 2, 'count': 63}, {'cluster_no': 3, 'count': 83}, {'cluster_no': -1, 'count': 264}]"
500,6,15,0.0,8,264,0.7014389808519341,"[{'cluster_no': 4, 'count': 19}, {'cluster_no': 6, 'count': 28}, {'cluster_no': 1, 'count': 34}, {'cluster_no': 5, 'count': 45}, {'cluster_no': 0, 'count': 52}, {'cluster_no': 2, 'count': 63}, {'cluster_no': 3, 'count': 83}, {'cluster_no': -1, 'count': 264}]"
500,7,5,0.0,17,312,0.5664077779697151,"[{'cluster_no': 3, 'count': 5}, {'cluster_no': 6, 'count': 5}, {'cluster_no': 8, 'count': 5}, {'cluster_no': 11, 'count': 6}, {'cluster_no': 13, 'count': 6}, {'cluster_no': 4, 'count': 9}, {'cluster_no': 0, 'count': 11}, {'cluster_no': 14, 'count': 13}, {'cluster_no': 10, 'count': 15}, {'cluster_no': 9, 'count': 16}, {'cluster_no': 15, 'count': 17}, {'cluster_no': 5, 'count': 21}, {'cluster_no': 12, 'count': 31}, {'cluster_no': 7, 'count': 33}, {'cluster_no': 2, 'count': 40}, {'cluster_no': 1, 'count': 43}, {'cluster_no': -1, 'count': 312}]"
500,7,6,0.0,14,327,0.6439020619099232,"[{'cluster_no': 8, 'count': 6}, {'cluster_no': 10, 'count': 6}, {'cluster_no': 3, 'count': 9}, {'cluster_no': 0, 'count': 11}, {'cluster_no': 11, 'count': 13}, {'cluster_no': 7, 'count': 15}, {'cluster_no': 6, 'count': 16}, {'cluster_no': 12, 'count': 17}, {'cluster_no': 4, 'count': 21}, {'cluster_no': 9, 'count': 31}, {'cluster_no': 5, 'count': 33}, {'cluster_no': 2, 'count': 40}, {'cluster_no': 1, 'count': 43}, {'cluster_no': -1, 'count': 327}]"
500,7,7,0.0,11,274,0.6810095929483606,"[{'cluster_no': 3, 'count': 9}, {'cluster_no': 0, 'count': 11}, {'cluster_no': 9, 'count': 15}, {'cluster_no': 8, 'count': 16}, {'cluster_no': 4, 'count': 21}, {'cluster_no': 7, 'count': 33}, {'cluster_no': 2, 'count': 40}, {'cluster_no': 1, 'count': 43}, {'cluster_no': 6, 'count': 48}, {'cluster_no': 5, 'count': 78}, {'cluster_no': -1, 'count': 274}]"
500,7,8,0.0,11,274,0.6810095929483606,"[{'cluster_no': 3, 'count': 9}, {'cluster_no': 0, 'count': 11}, {'cluster_no': 9, 'count': 15}, {'cluster_no': 8, 'count': 16}, {'cluster_no': 4, 'count': 21}, {'cluster_no': 7, 'count': 33}, {'cluster_no': 2, 'count': 40}, {'cluster_no': 1, 'count': 43}, {'cluster_no': 6, 'count': 48}, {'cluster_no': 5, 'count': 78}, {'cluster_no': -1, 'count': 274}]"
500,7,9,0.0,10,258,0.6329413690288673,"[{'cluster_no': 3, 'count': 9}, {'cluster_no': 0, 'count': 11}, {'cluster_no': 4, 'count': 21}, {'cluster_no': 8, 'count': 33}, {'cluster_no': 2, 'count': 40}, {'cluster_no': 1, 'count': 43}, {'cluster_no': 5, 'count': 47}, {'cluster_no': 7, 'count': 48}, {'cluster_no': 6, 'count': 78}, {'cluster_no': -1, 'count': 258}]"
500,7,10,0.0,9,267,0.6866406260296577,"[{'cluster_no': 0, 'count': 11}, {'cluster_no': 3, 'count': 21}, {'cluster_no': 7, 'count': 33}, {'cluster_no': 2, 'count': 40}, {'cluster_no': 1, 'count': 43}, {'cluster_no': 4, 'count': 47}, {'cluster_no': 6, 'count': 48}, {'cluster_no': 5, 'count': 78}, {'cluster_no': -1, 'count': 267}]"
500,7,11,0.0,9,267,0.6866406260296577,"[{'cluster_no': 0, 'count': 11}, {'cluster_no': 3, 'count': 21}, {'cluster_no': 7, 'count': 33}, {'cluster_no': 2, 'count': 40}, {'cluster_no': 1, 'count': 43}, {'cluster_no': 4, 'count': 47}, {'cluster_no': 6, 'count': 48}, {'cluster_no': 5, 'count': 78}, {'cluster_no': -1, 'count': 267}]"
500,7,12,0.0,8,278,0.7115711652932021,"[{'cluster_no': 2, 'count': 21}, {'cluster_no': 6, 'count': 33}, {'cluster_no': 1, 'count': 40}, {'cluster_no': 0, 'count': 43}, {'cluster_no': 3, 'count': 47}, {'cluster_no': 5, 'count': 48}, {'cluster_no': 4, 'count': 78}, {'cluster_no': -1, 'count': 278}]"
500,7,13,0.0,8,278,0.7115711652932021,"[{'cluster_no': 2, 'count': 21}, {'cluster_no': 6, 'count': 33}, {'cluster_no': 1, 'count': 40}, {'cluster_no': 0, 'count': 43}, {'cluster_no': 3, 'count': 47}, {'cluster_no': 5, 'count': 48}, {'cluster_no': 4, 'count': 78}, {'cluster_no': -1, 'count': 278}]"
500,7,14,0.0,8,278,0.7115711652932021,"[{'cluster_no': 2, 'count': 21}, {'cluster_no': 6, 'count': 33}, {'cluster_no': 1, 'count': 40}, {'cluster_no': 0, 'count': 43}, {'cluster_no': 3, 'count': 47}, {'cluster_no': 5, 'count': 48}, {'cluster_no': 4, 'count': 78}, {'cluster_no': -1, 'count': 278}]"
500,7,15,0.0,6,233,0.5632003411897152,"[{'cluster_no': 1, 'count': 40}, {'cluster_no': 0, 'count': 43}, {'cluster_no': 3, 'count': 47}, {'cluster_no': 4, 'count': 78}, {'cluster_no': 2, 'count': 147}, {'cluster_no': -1, 'count': 233}]"
500,8,5,0.0,15,327,0.6970613044741933,"[{'cluster_no': 4, 'count': 5}, {'cluster_no': 6, 'count': 6}, {'cluster_no': 2, 'count': 7}, {'cluster_no': 7, 'count': 8}, {'cluster_no': 0, 'count': 11}, {'cluster_no': 12, 'count': 14}, {'cluster_no': 5, 'count': 15}, {'cluster_no': 13, 'count': 15}, {'cluster_no': 8, 'count': 16}, {'cluster_no': 9, 'count': 17}, {'cluster_no': 11, 'count': 29}, {'cluster_no': 3, 'count': 35}, {'cluster_no': 1, 'count': 39}, {'cluster_no': 10, 'count': 44}, {'cluster_no': -1, 'count': 327}]"
500,8,6,0.0,14,332,0.7085195490602068,"[{'cluster_no': 5, 'count': 6}, {'cluster_no': 2, 'count': 7}, {'cluster_no': 6, 'count': 8}, {'cluster_no': 0, 'count': 11}, {'cluster_no': 11, 'count': 14}, {'cluster_no': 4, 'count': 15}, {'cluster_no': 12, 'count': 15}, {'cluster_no': 7, 'count': 16}, {'cluster_no': 8, 'count': 17}, {'cluster_no': 10, 'count': 29}, {'cluster_no': 3, 'count': 35}, {'cluster_no': 1, 'count': 39}, {'cluster_no': 9, 'count': 44}, {'cluster_no': -1, 'count': 332}]"
500,8,7,0.0,13,338,0.7087625362757592,"[{'cluster_no': 2, 'count': 7}, {'cluster_no': 5, 'count': 8}, {'cluster_no': 0, 'count': 11}, {'cluster_no': 10, 'count': 14}, {'cluster_no': 4, 'count': 15}, {'cluster_no': 11, 'count': 15}, {'cluster_no': 6, 'count': 16}, {'cluster_no': 7, 'count': 17}, {'cluster_no': 9, 'count': 29}, {'cluster_no': 3, 'count': 35}, {'cluster_no': 1, 'count': 39}, {'cluster_no': 8, 'count': 44}, {'cluster_no': -1, 'count': 338}]"
500,8,8,0.0,12,345,0.7509495464857914,"[{'cluster_no': 4, 'count': 8}, {'cluster_no': 0, 'count': 11}, {'cluster_no': 9, 'count': 14}, {'cluster_no': 3, 'count': 15}, {'cluster_no': 10, 'count': 15}, {'cluster_no': 5, 'count': 16}, {'cluster_no': 6, 'count': 17}, {'cluster_no': 8, 'count': 29}, {'cluster_no': 2, 'count': 35}, {'cluster_no': 1, 'count': 39}, {'cluster_no': 7, 'count': 44}, {'cluster_no': -1, 'count': 345}]"
500,8,9,0.0,9,290,0.7449075169695174,"[{'cluster_no': 0, 'count': 11}, {'cluster_no': 5, 'count': 15}, {'cluster_no': 7, 'count': 29}, {'cluster_no': 2, 'count': 35}, {'cluster_no': 1, 'count': 39}, {'cluster_no': 6, 'count': 44}, {'cluster_no': 3, 'count': 53}, {'cluster_no': 4, 'count': 72}, {'cluster_no': -1, 'count': 290}]"
500,8,10,0.0,9,290,0.7449075169695174,"[{'cluster_no': 0, 'count': 11}, {'cluster_no': 5, 'count': 15}, {'cluster_no': 7, 'count': 29}, {'cluster_no': 2, 'count': 35}, {'cluster_no': 1, 'count': 39}, {'cluster_no': 6, 'count': 44}, {'cluster_no': 3, 'count': 53}, {'cluster_no': 4, 'count': 72}, {'cluster_no': -1, 'count': 290}]"
500,8,11,0.0,9,290,0.7449075169695174,"[{'cluster_no': 0, 'count': 11}, {'cluster_no': 5, 'count': 15}, {'cluster_no': 7, 'count': 29}, {'cluster_no': 2, 'count': 35}, {'cluster_no': 1, 'count': 39}, {'cluster_no': 6, 'count': 44}, {'cluster_no': 3, 'count': 53}, {'cluster_no': 4, 'count': 72}, {'cluster_no': -1, 'count': 290}]"
500,8,12,0.0,6,246,0.5746618433710039,"[{'cluster_no': 1, 'count': 35}, {'cluster_no': 0, 'count': 39}, {'cluster_no': 3, 'count': 53}, {'cluster_no': 4, 'count': 72}, {'cluster_no': 2, 'count': 143}, {'cluster_no': -1, 'count': 246}]"
500,8,13,0.0,6,246,0.5746618433710039,"[{'cluster_no': 1, 'count': 35}, {'cluster_no': 0, 'count': 39}, {'cluster_no': 3, 'count': 53}, {'cluster_no': 4, 'count': 72}, {'cluster_no': 2, 'count': 143}, {'cluster_no': -1, 'count': 246}]"
500,8,14,0.0,6,246,0.5746618433710039,"[{'cluster_no': 1, 'count': 35}, {'cluster_no': 0, 'count': 39}, {'cluster_no': 3, 'count': 53}, {'cluster_no': 4, 'count': 72}, {'cluster_no': 2, 'count': 143}, {'cluster_no': -1, 'count': 246}]"
500,8,15,0.0,6,246,0.5746618433710039,"[{'cluster_no': 1, 'count': 35}, {'cluster_no': 0, 'count': 39}, {'cluster_no': 3, 'count': 53}, {'cluster_no': 4, 'count': 72}, {'cluster_no': 2, 'count': 143}, {'cluster_no': -1, 'count': 246}]"
500,9,5,0.0,14,300,0.47224725563454495,"[{'cluster_no': 1, 'count': 5}, {'cluster_no': 3, 'count': 6}, {'cluster_no': 5, 'count': 6}, {'cluster_no': 10, 'count': 6}, {'cluster_no': 2, 'count': 11}, {'cluster_no': 11, 'count': 11}, {'cluster_no': 7, 'count': 16}, {'cluster_no': 12, 'count': 16}, {'cluster_no': 8, 'count': 17}, {'cluster_no': 9, 'count': 21}, {'cluster_no': 4, 'count': 31}, {'cluster_no': 0, 'count': 44}, {'cluster_no': 6, 'count': 98}, {'cluster_no': -1, 'count': 300}]"
500,9,6,0.0,13,305,0.49219788622559557,"[{'cluster_no': 2, 'count': 6}, {'cluster_no': 4, 'count': 6}, {'cluster_no': 9, 'count': 6}, {'cluster_no': 1, 'count': 11}, {'cluster_no': 10, 'count': 11}, {'cluster_no': 6, 'count': 16}, {'cluster_no': 11, 'count': 16}, {'cluster_no': 7, 'count': 17}, {'cluster_no': 8, 'count': 21}, {'cluster_no': 3, 'count': 31}, {'cluster_no': 0, 'count': 44}, {'cluster_no': 5, 'count': 98}, {'cluster_no': -1, 'count': 305}]"
500,9,7,0.0,9,278,0.508560236729261,"[{'cluster_no': 1, 'count': 11}, {'cluster_no': 4, 'count': 16}, {'cluster_no': 6, 'count': 17}, {'cluster_no': 7, 'count': 21}, {'cluster_no': 2, 'count': 37}, {'cluster_no': 0, 'count': 44}, {'cluster_no': 5, 'count': 66}, {'cluster_no': 3, 'count': 98}, {'cluster_no': -1, 'count': 278}]"
500,9,8,0.0,9,278,0.508560236729261,"[{'cluster_no': 1, 'count': 11}, {'cluster_no': 4, 'count': 16}, {'cluster_no': 6, 'count': 17}, {'cluster_no': 7, 'count': 21}, {'cluster_no': 2, 'count': 37}, {'cluster_no': 0, 'count': 44}, {'cluster_no': 5, 'count': 66}, {'cluster_no': 3, 'count': 98}, {'cluster_no': -1, 'count': 278}]"
500,9,9,0.0,9,278,0.508560236729261,"[{'cluster_no': 1, 'count': 11}, {'cluster_no': 4, 'count': 16}, {'cluster_no': 6, 'count': 17}, {'cluster_no': 7, 'count': 21}, {'cluster_no': 2, 'count': 37}, {'cluster_no': 0, 'count': 44}, {'cluster_no': 5, 'count': 66}, {'cluster_no': 3, 'count': 98}, {'cluster_no': -1, 'count': 278}]"
500,9,10,0.0,9,278,0.508560236729261,"[{'cluster_no': 1, 'count': 11}, {'cluster_no': 4, 'count': 16}, {'cluster_no': 6, 'count': 17}, {'cluster_no': 7, 'count': 21}, {'cluster_no': 2, 'count': 37}, {'cluster_no': 0, 'count': 44}, {'cluster_no': 5, 'count': 66}, {'cluster_no': 3, 'count': 98}, {'cluster_no': -1, 'count': 278}]"
500,9,11,0.0,9,278,0.508560236729261,"[{'cluster_no': 1, 'count': 11}, {'cluster_no': 4, 'count': 16}, {'cluster_no': 6, 'count': 17}, {'cluster_no': 7, 'count': 21}, {'cluster_no': 2, 'count': 37}, {'cluster_no': 0, 'count': 44}, {'cluster_no': 5, 'count': 66}, {'cluster_no': 3, 'count': 98}, {'cluster_no': -1, 'count': 278}]"
500,9,12,0.0,8,289,0.5940775480244321,"[{'cluster_no': 3, 'count': 16}, {'cluster_no': 5, 'count': 17}, {'cluster_no': 6, 'count': 21}, {'cluster_no': 1, 'count': 37}, {'cluster_no': 0, 'count': 44}, {'cluster_no': 4, 'count': 66}, {'cluster_no': 2, 'count': 98}, {'cluster_no': -1, 'count': 289}]"
500,9,13,0.0,8,289,0.5940775480244321,"[{'cluster_no': 3, 'count': 16}, {'cluster_no': 5, 'count': 17}, {'cluster_no': 6, 'count': 21}, {'cluster_no': 1, 'count': 37}, {'cluster_no': 0, 'count': 44}, {'cluster_no': 4, 'count': 66}, {'cluster_no': 2, 'count': 98}, {'cluster_no': -1, 'count': 289}]"
500,9,14,0.0,7,282,0.6177475312432685,"[{'cluster_no': 3, 'count': 16}, {'cluster_no': 1, 'count': 37}, {'cluster_no': 0, 'count': 44}, {'cluster_no': 4, 'count': 45}, {'cluster_no': 5, 'count': 66}, {'cluster_no': 2, 'count': 98}, {'cluster_no': -1, 'count': 282}]"
500,9,15,0.0,7,282,0.6177475312432685,"[{'cluster_no': 3, 'count': 16}, {'cluster_no': 1, 'count': 37}, {'cluster_no': 0, 'count': 44}, {'cluster_no': 4, 'count': 45}, {'cluster_no': 5, 'count': 66}, {'cluster_no': 2, 'count': 98}, {'cluster_no': -1, 'count': 282}]"
500,10,5,0.0,13,296,0.567465326213032,"[{'cluster_no': 7, 'count': 5}, {'cluster_no': 1, 'count': 6}, {'cluster_no': 11, 'count': 7}, {'cluster_no': 3, 'count': 11}, {'cluster_no': 4, 'count': 17}, {'cluster_no': 8, 'count': 18}, {'cluster_no': 9, 'count': 22}, {'cluster_no': 6, 'count': 29}, {'cluster_no': 2, 'count': 40}, {'cluster_no': 5, 'count': 41}, {'cluster_no': 0, 'count': 45}, {'cluster_no': 10, 'count': 51}, {'cluster_no': -1, 'count': 296}]"
500,10,6,0.0,9,222,0.4808647513262535,"[{'cluster_no': 1, 'count': 6}, {'cluster_no': 4, 'count': 11}, {'cluster_no': 5, 'count': 17}, {'cluster_no': 7, 'count': 29}, {'cluster_no': 2, 'count': 40}, {'cluster_no': 6, 'count': 41}, {'cluster_no': 0, 'count': 45}, {'cluster_no': 3, 'count': 177}, {'cluster_no': -1, 'count': 222}]"
500,10,7,0.0,7,200,0.46656004942614526,"[{'cluster_no': 3, 'count': 11}, {'cluster_no': 5, 'count': 17}, {'cluster_no': 1, 'count': 40}, {'cluster_no': 0, 'count': 45}, {'cluster_no': 4, 'count': 98}, {'cluster_no': 2, 'count': 177}, {'cluster_no': -1, 'count': 200}]"
500,10,8,0.0,9,274,0.5903523002139183,"[{'cluster_no': 2, 'count': 11}, {'cluster_no': 4, 'count': 17}, {'cluster_no': 6, 'count': 18}, {'cluster_no': 7, 'count': 22}, {'cluster_no': 1, 'count': 40}, {'cluster_no': 0, 'count': 45}, {'cluster_no': 5, 'count': 63}, {'cluster_no': 3, 'count': 98}, {'cluster_no': -1, 'count': 274}]"
500,10,9,0.0,9,274,0.5903523002139183,"[{'cluster_no': 2, 'count': 11}, {'cluster_no': 4, 'count': 17}, {'cluster_no': 6, 'count': 18}, {'cluster_no': 7, 'count': 22}, {'cluster_no': 1, 'count': 40}, {'cluster_no': 0, 'count': 45}, {'cluster_no': 5, 'count': 63}, {'cluster_no': 3, 'count': 98}, {'cluster_no': -1, 'count': 274}]"
500,10,10,0.0,9,274,0.5903523002139183,"[{'cluster_no': 2, 'count': 11}, {'cluster_no': 4, 'count': 17}, {'cluster_no': 6, 'count': 18}, {'cluster_no': 7, 'count': 22}, {'cluster_no': 1, 'count': 40}, {'cluster_no': 0, 'count': 45}, {'cluster_no': 5, 'count': 63}, {'cluster_no': 3, 'count': 98}, {'cluster_no': -1, 'count': 274}]"
500,10,11,0.0,9,274,0.5903523002139183,"[{'cluster_no': 2, 'count': 11}, {'cluster_no': 4, 'count': 17}, {'cluster_no': 6, 'count': 18}, {'cluster_no': 7, 'count': 22}, {'cluster_no': 1, 'count': 40}, {'cluster_no': 0, 'count': 45}, {'cluster_no': 5, 'count': 63}, {'cluster_no': 3, 'count': 98}, {'cluster_no': -1, 'count': 274}]"
500,10,12,0.0,5,170,0.44215456653533386,"[{'cluster_no': 1, 'count': 40}, {'cluster_no': 0, 'count': 45}, {'cluster_no': 2, 'count': 156}, {'cluster_no': -1, 'count': 170}, {'cluster_no': 3, 'count': 177}]"
500,10,13,0.0,5,170,0.44215456653533386,"[{'cluster_no': 1, 'count': 40}, {'cluster_no': 0, 'count': 45}, {'cluster_no': 2, 'count': 156}, {'cluster_no': -1, 'count': 170}, {'cluster_no': 3, 'count': 177}]"
500,10,14,0.0,5,170,0.44215456653533386,"[{'cluster_no': 1, 'count': 40}, {'cluster_no': 0, 'count': 45}, {'cluster_no': 2, 'count': 156}, {'cluster_no': -1, 'count': 170}, {'cluster_no': 3, 'count': 177}]"
500,10,15,0.0,5,170,0.44215456653533386,"[{'cluster_no': 1, 'count': 40}, {'cluster_no': 0, 'count': 45}, {'cluster_no': 2, 'count': 156}, {'cluster_no': -1, 'count': 170}, {'cluster_no': 3, 'count': 177}]"
500,11,5,0.0,8,209,0.5463220712306318,"[{'cluster_no': 3, 'count': 5}, {'cluster_no': 4, 'count': 20}, {'cluster_no': 1, 'count': 35}, {'cluster_no': 6, 'count': 38}, {'cluster_no': 0, 'count': 43}, {'cluster_no': 5, 'count': 49}, {'cluster_no': 2, 'count': 189}, {'cluster_no': -1, 'count': 209}]"
500,11,6,0.0,7,214,0.567641472109324,"[{'cluster_no': 3, 'count': 20}, {'cluster_no': 1, 'count': 35}, {'cluster_no': 5, 'count': 38}, {'cluster_no': 0, 'count': 43}, {'cluster_no': 4, 'count': 49}, {'cluster_no': 2, 'count': 189}, {'cluster_no': -1, 'count': 214}]"
500,11,7,0.0,7,214,0.567641472109324,"[{'cluster_no': 3, 'count': 20}, {'cluster_no': 1, 'count': 35}, {'cluster_no': 5, 'count': 38}, {'cluster_no': 0, 'count': 43}, {'cluster_no': 4, 'count': 49}, {'cluster_no': 2, 'count': 189}, {'cluster_no': -1, 'count': 214}]"
500,11,8,0.0,7,214,0.567641472109324,"[{'cluster_no': 3, 'count': 20}, {'cluster_no': 1, 'count': 35}, {'cluster_no': 5, 'count': 38}, {'cluster_no': 0, 'count': 43}, {'cluster_no': 4, 'count': 49}, {'cluster_no': 2, 'count': 189}, {'cluster_no': -1, 'count': 214}]"
500,11,9,0.0,7,214,0.567641472109324,"[{'cluster_no': 3, 'count': 20}, {'cluster_no': 1, 'count': 35}, {'cluster_no': 5, 'count': 38}, {'cluster_no': 0, 'count': 43}, {'cluster_no': 4, 'count': 49}, {'cluster_no': 2, 'count': 189}, {'cluster_no': -1, 'count': 214}]"
500,11,10,0.0,7,214,0.567641472109324,"[{'cluster_no': 3, 'count': 20}, {'cluster_no': 1, 'count': 35}, {'cluster_no': 5, 'count': 38}, {'cluster_no': 0, 'count': 43}, {'cluster_no': 4, 'count': 49}, {'cluster_no': 2, 'count': 189}, {'cluster_no': -1, 'count': 214}]"
500,11,11,0.0,7,214,0.567641472109324,"[{'cluster_no': 3, 'count': 20}, {'cluster_no': 1, 'count': 35}, {'cluster_no': 5, 'count': 38}, {'cluster_no': 0, 'count': 43}, {'cluster_no': 4, 'count': 49}, {'cluster_no': 2, 'count': 189}, {'cluster_no': -1, 'count': 214}]"
500,11,12,0.0,7,214,0.567641472109324,"[{'cluster_no': 3, 'count': 20}, {'cluster_no': 1, 'count': 35}, {'cluster_no': 5, 'count': 38}, {'cluster_no': 0, 'count': 43}, {'cluster_no': 4, 'count': 49}, {'cluster_no': 2, 'count': 189}, {'cluster_no': -1, 'count': 214}]"
500,11,13,0.0,7,214,0.567641472109324,"[{'cluster_no': 3, 'count': 20}, {'cluster_no': 1, 'count': 35}, {'cluster_no': 5, 'count': 38}, {'cluster_no': 0, 'count': 43}, {'cluster_no': 4, 'count': 49}, {'cluster_no': 2, 'count': 189}, {'cluster_no': -1, 'count': 214}]"
500,11,14,0.0,7,214,0.567641472109324,"[{'cluster_no': 3, 'count': 20}, {'cluster_no': 1, 'count': 35}, {'cluster_no': 5, 'count': 38}, {'cluster_no': 0, 'count': 43}, {'cluster_no': 4, 'count': 49}, {'cluster_no': 2, 'count': 189}, {'cluster_no': -1, 'count': 214}]"
500,11,15,0.0,7,214,0.567641472109324,"[{'cluster_no': 3, 'count': 20}, {'cluster_no': 1, 'count': 35}, {'cluster_no': 5, 'count': 38}, {'cluster_no': 0, 'count': 43}, {'cluster_no': 4, 'count': 49}, {'cluster_no': 2, 'count': 189}, {'cluster_no': -1, 'count': 214}]"
500,12,5,0.0,7,200,0.5815370230415082,"[{'cluster_no': 3, 'count': 18}, {'cluster_no': 5, 'count': 36}, {'cluster_no': 1, 'count': 41}, {'cluster_no': 0, 'count': 47}, {'cluster_no': 4, 'count': 53}, {'cluster_no': 2, 'count': 193}, {'cluster_no': -1, 'count': 200}]"
500,12,6,0.0,7,200,0.5815370230415082,"[{'cluster_no': 3, 'count': 18}, {'cluster_no': 5, 'count': 36}, {'cluster_no': 1, 'count': 41}, {'cluster_no': 0, 'count': 47}, {'cluster_no': 4, 'count': 53}, {'cluster_no': 2, 'count': 193}, {'cluster_no': -1, 'count': 200}]"
500,12,7,0.0,7,200,0.5815370230415082,"[{'cluster_no': 3, 'count': 18}, {'cluster_no': 5, 'count': 36}, {'cluster_no': 1, 'count': 41}, {'cluster_no': 0, 'count': 47}, {'cluster_no': 4, 'count': 53}, {'cluster_no': 2, 'count': 193}, {'cluster_no': -1, 'count': 200}]"
500,12,8,0.0,7,200,0.5815370230415082,"[{'cluster_no': 3, 'count': 18}, {'cluster_no': 5, 'count': 36}, {'cluster_no': 1, 'count': 41}, {'cluster_no': 0, 'count': 47}, {'cluster_no': 4, 'count': 53}, {'cluster_no': 2, 'count': 193}, {'cluster_no': -1, 'count': 200}]"
500,12,9,0.0,7,200,0.5815370230415082,"[{'cluster_no': 3, 'count': 18}, {'cluster_no': 5, 'count': 36}, {'cluster_no': 1, 'count': 41}, {'cluster_no': 0, 'count': 47}, {'cluster_no': 4, 'count': 53}, {'cluster_no': 2, 'count': 193}, {'cluster_no': -1, 'count': 200}]"
500,12,10,0.0,7,200,0.5815370230415082,"[{'cluster_no': 3, 'count': 18}, {'cluster_no': 5, 'count': 36}, {'cluster_no': 1, 'count': 41}, {'cluster_no': 0, 'count': 47}, {'cluster_no': 4, 'count': 53}, {'cluster_no': 2, 'count': 193}, {'cluster_no': -1, 'count': 200}]"
500,12,11,0.0,7,200,0.5815370230415082,"[{'cluster_no': 3, 'count': 18}, {'cluster_no': 5, 'count': 36}, {'cluster_no': 1, 'count': 41}, {'cluster_no': 0, 'count': 47}, {'cluster_no': 4, 'count': 53}, {'cluster_no': 2, 'count': 193}, {'cluster_no': -1, 'count': 200}]"
500,12,12,0.0,7,200,0.5815370230415082,"[{'cluster_no': 3, 'count': 18}, {'cluster_no': 5, 'count': 36}, {'cluster_no': 1, 'count': 41}, {'cluster_no': 0, 'count': 47}, {'cluster_no': 4, 'count': 53}, {'cluster_no': 2, 'count': 193}, {'cluster_no': -1, 'count': 200}]"
500,12,13,0.0,7,200,0.5815370230415082,"[{'cluster_no': 3, 'count': 18}, {'cluster_no': 5, 'count': 36}, {'cluster_no': 1, 'count': 41}, {'cluster_no': 0, 'count': 47}, {'cluster_no': 4, 'count': 53}, {'cluster_no': 2, 'count': 193}, {'cluster_no': -1, 'count': 200}]"
500,12,14,0.0,7,200,0.5815370230415082,"[{'cluster_no': 3, 'count': 18}, {'cluster_no': 5, 'count': 36}, {'cluster_no': 1, 'count': 41}, {'cluster_no': 0, 'count': 47}, {'cluster_no': 4, 'count': 53}, {'cluster_no': 2, 'count': 193}, {'cluster_no': -1, 'count': 200}]"
500,12,15,0.0,7,200,0.5815370230415082,"[{'cluster_no': 3, 'count': 18}, {'cluster_no': 5, 'count': 36}, {'cluster_no': 1, 'count': 41}, {'cluster_no': 0, 'count': 47}, {'cluster_no': 4, 'count': 53}, {'cluster_no': 2, 'count': 193}, {'cluster_no': -1, 'count': 200}]"
500,13,5,0.0,7,200,0.571197987668042,"[{'cluster_no': 3, 'count': 16}, {'cluster_no': 5, 'count': 37}, {'cluster_no': 1, 'count': 40}, {'cluster_no': 0, 'count': 46}, {'cluster_no': 4, 'count': 53}, {'cluster_no': 2, 'count': 196}, {'cluster_no': -1, 'count': 200}]"
500,13,6,0.0,7,200,0.571197987668042,"[{'cluster_no': 3, 'count': 16}, {'cluster_no': 5, 'count': 37}, {'cluster_no': 1, 'count': 40}, {'cluster_no': 0, 'count': 46}, {'cluster_no': 4, 'count': 53}, {'cluster_no': 2, 'count': 196}, {'cluster_no': -1, 'count': 200}]"
500,13,7,0.0,7,200,0.571197987668042,"[{'cluster_no': 3, 'count': 16}, {'cluster_no': 5, 'count': 37}, {'cluster_no': 1, 'count': 40}, {'cluster_no': 0, 'count': 46}, {'cluster_no': 4, 'count': 53}, {'cluster_no': 2, 'count': 196}, {'cluster_no': -1, 'count': 200}]"
500,13,8,0.0,7,200,0.571197987668042,"[{'cluster_no': 3, 'count': 16}, {'cluster_no': 5, 'count': 37}, {'cluster_no': 1, 'count': 40}, {'cluster_no': 0, 'count': 46}, {'cluster_no': 4, 'count': 53}, {'cluster_no': 2, 'count': 196}, {'cluster_no': -1, 'count': 200}]"
500,13,9,0.0,7,200,0.571197987668042,"[{'cluster_no': 3, 'count': 16}, {'cluster_no': 5, 'count': 37}, {'cluster_no': 1, 'count': 40}, {'cluster_no': 0, 'count': 46}, {'cluster_no': 4, 'count': 53}, {'cluster_no': 2, 'count': 196}, {'cluster_no': -1, 'count': 200}]"
500,13,10,0.0,7,200,0.571197987668042,"[{'cluster_no': 3, 'count': 16}, {'cluster_no': 5, 'count': 37}, {'cluster_no': 1, 'count': 40}, {'cluster_no': 0, 'count': 46}, {'cluster_no': 4, 'count': 53}, {'cluster_no': 2, 'count': 196}, {'cluster_no': -1, 'count': 200}]"
500,13,11,0.0,7,200,0.571197987668042,"[{'cluster_no': 3, 'count': 16}, {'cluster_no': 5, 'count': 37}, {'cluster_no': 1, 'count': 40}, {'cluster_no': 0, 'count': 46}, {'cluster_no': 4, 'count': 53}, {'cluster_no': 2, 'count': 196}, {'cluster_no': -1, 'count': 200}]"
500,13,12,0.0,7,200,0.571197987668042,"[{'cluster_no': 3, 'count': 16}, {'cluster_no': 5, 'count': 37}, {'cluster_no': 1, 'count': 40}, {'cluster_no': 0, 'count': 46}, {'cluster_no': 4, 'count': 53}, {'cluster_no': 2, 'count': 196}, {'cluster_no': -1, 'count': 200}]"
500,13,13,0.0,7,200,0.571197987668042,"[{'cluster_no': 3, 'count': 16}, {'cluster_no': 5, 'count': 37}, {'cluster_no': 1, 'count': 40}, {'cluster_no': 0, 'count': 46}, {'cluster_no': 4, 'count': 53}, {'cluster_no': 2, 'count': 196}, {'cluster_no': -1, 'count': 200}]"
500,13,14,0.0,7,200,0.571197987668042,"[{'cluster_no': 3, 'count': 16}, {'cluster_no': 5, 'count': 37}, {'cluster_no': 1, 'count': 40}, {'cluster_no': 0, 'count': 46}, {'cluster_no': 4, 'count': 53}, {'cluster_no': 2, 'count': 196}, {'cluster_no': -1, 'count': 200}]"
500,13,15,0.0,7,200,0.571197987668042,"[{'cluster_no': 3, 'count': 16}, {'cluster_no': 5, 'count': 37}, {'cluster_no': 1, 'count': 40}, {'cluster_no': 0, 'count': 46}, {'cluster_no': 4, 'count': 53}, {'cluster_no': 2, 'count': 196}, {'cluster_no': -1, 'count': 200}]"
500,14,5,0.0,7,217,0.5746375142200626,"[{'cluster_no': 3, 'count': 17}, {'cluster_no': 5, 'count': 34}, {'cluster_no': 1, 'count': 38}, {'cluster_no': 0, 'count': 46}, {'cluster_no': 4, 'count': 52}, {'cluster_no': 2, 'count': 184}, {'cluster_no': -1, 'count': 217}]"
500,14,6,0.0,7,217,0.5746375142200626,"[{'cluster_no': 3, 'count': 17}, {'cluster_no': 5, 'count': 34}, {'cluster_no': 1, 'count': 38}, {'cluster_no': 0, 'count': 46}, {'cluster_no': 4, 'count': 52}, {'cluster_no': 2, 'count': 184}, {'cluster_no': -1, 'count': 217}]"
500,14,7,0.0,7,217,0.5746375142200626,"[{'cluster_no': 3, 'count': 17}, {'cluster_no': 5, 'count': 34}, {'cluster_no': 1, 'count': 38}, {'cluster_no': 0, 'count': 46}, {'cluster_no': 4, 'count': 52}, {'cluster_no': 2, 'count': 184}, {'cluster_no': -1, 'count': 217}]"
500,14,8,0.0,7,217,0.5746375142200626,"[{'cluster_no': 3, 'count': 17}, {'cluster_no': 5, 'count': 34}, {'cluster_no': 1, 'count': 38}, {'cluster_no': 0, 'count': 46}, {'cluster_no': 4, 'count': 52}, {'cluster_no': 2, 'count': 184}, {'cluster_no': -1, 'count': 217}]"
500,14,9,0.0,7,217,0.5746375142200626,"[{'cluster_no': 3, 'count': 17}, {'cluster_no': 5, 'count': 34}, {'cluster_no': 1, 'count': 38}, {'cluster_no': 0, 'count': 46}, {'cluster_no': 4, 'count': 52}, {'cluster_no': 2, 'count': 184}, {'cluster_no': -1, 'count': 217}]"
500,14,10,0.0,7,217,0.5746375142200626,"[{'cluster_no': 3, 'count': 17}, {'cluster_no': 5, 'count': 34}, {'cluster_no': 1, 'count': 38}, {'cluster_no': 0, 'count': 46}, {'cluster_no': 4, 'count': 52}, {'cluster_no': 2, 'count': 184}, {'cluster_no': -1, 'count': 217}]"
500,14,11,0.0,7,217,0.5746375142200626,"[{'cluster_no': 3, 'count': 17}, {'cluster_no': 5, 'count': 34}, {'cluster_no': 1, 'count': 38}, {'cluster_no': 0, 'count': 46}, {'cluster_no': 4, 'count': 52}, {'cluster_no': 2, 'count': 184}, {'cluster_no': -1, 'count': 217}]"
500,14,12,0.0,7,217,0.5746375142200626,"[{'cluster_no': 3, 'count': 17}, {'cluster_no': 5, 'count': 34}, {'cluster_no': 1, 'count': 38}, {'cluster_no': 0, 'count': 46}, {'cluster_no': 4, 'count': 52}, {'cluster_no': 2, 'count': 184}, {'cluster_no': -1, 'count': 217}]"
500,14,13,0.0,7,217,0.5746375142200626,"[{'cluster_no': 3, 'count': 17}, {'cluster_no': 5, 'count': 34}, {'cluster_no': 1, 'count': 38}, {'cluster_no': 0, 'count': 46}, {'cluster_no': 4, 'count': 52}, {'cluster_no': 2, 'count': 184}, {'cluster_no': -1, 'count': 217}]"
500,14,14,0.0,7,217,0.5746375142200626,"[{'cluster_no': 3, 'count': 17}, {'cluster_no': 5, 'count': 34}, {'cluster_no': 1, 'count': 38}, {'cluster_no': 0, 'count': 46}, {'cluster_no': 4, 'count': 52}, {'cluster_no': 2, 'count': 184}, {'cluster_no': -1, 'count': 217}]"
500,14,15,0.0,7,217,0.5746375142200626,"[{'cluster_no': 3, 'count': 17}, {'cluster_no': 5, 'count': 34}, {'cluster_no': 1, 'count': 38}, {'cluster_no': 0, 'count': 46}, {'cluster_no': 4, 'count': 52}, {'cluster_no': 2, 'count': 184}, {'cluster_no': -1, 'count': 217}]"
500,15,5,0.0,9,234,0.31806948709805516,"[{'cluster_no': 4, 'count': 5}, {'cluster_no': 2, 'count': 7}, {'cluster_no': 5, 'count': 14}, {'cluster_no': 7, 'count': 30}, {'cluster_no': 0, 'count': 43}, {'cluster_no': 1, 'count': 43}, {'cluster_no': 6, 'count': 49}, {'cluster_no': 3, 'count': 163}, {'cluster_no': -1, 'count': 234}]"
500,15,6,0.0,8,232,0.4760485605404507,"[{'cluster_no': 2, 'count': 7}, {'cluster_no': 4, 'count': 14}, {'cluster_no': 6, 'count': 30}, {'cluster_no': 0, 'count': 43}, {'cluster_no': 1, 'count': 43}, {'cluster_no': 5, 'count': 49}, {'cluster_no': 3, 'count': 170}, {'cluster_no': -1, 'count': 232}]"
500,15,7,0.0,8,232,0.4760485605404507,"[{'cluster_no': 2, 'count': 7}, {'cluster_no': 4, 'count': 14}, {'cluster_no': 6, 'count': 30}, {'cluster_no': 0, 'count': 43}, {'cluster_no': 1, 'count': 43}, {'cluster_no': 5, 'count': 49}, {'cluster_no': 3, 'count': 170}, {'cluster_no': -1, 'count': 232}]"
500,15,8,0.0,7,239,0.6087133901196582,"[{'cluster_no': 3, 'count': 14}, {'cluster_no': 5, 'count': 30}, {'cluster_no': 0, 'count': 43}, {'cluster_no': 1, 'count': 43}, {'cluster_no': 4, 'count': 49}, {'cluster_no': 2, 'count': 170}, {'cluster_no': -1, 'count': 239}]"
500,15,9,0.0,7,239,0.6087133901196582,"[{'cluster_no': 3, 'count': 14}, {'cluster_no': 5, 'count': 30}, {'cluster_no': 0, 'count': 43}, {'cluster_no': 1, 'count': 43}, {'cluster_no': 4, 'count': 49}, {'cluster_no': 2, 'count': 170}, {'cluster_no': -1, 'count': 239}]"
500,15,10,0.0,7,239,0.6087133901196582,"[{'cluster_no': 3, 'count': 14}, {'cluster_no': 5, 'count': 30}, {'cluster_no': 0, 'count': 43}, {'cluster_no': 1, 'count': 43}, {'cluster_no': 4, 'count': 49}, {'cluster_no': 2, 'count': 170}, {'cluster_no': -1, 'count': 239}]"
500,15,11,0.0,7,239,0.6087133901196582,"[{'cluster_no': 3, 'count': 14}, {'cluster_no': 5, 'count': 30}, {'cluster_no': 0, 'count': 43}, {'cluster_no': 1, 'count': 43}, {'cluster_no': 4, 'count': 49}, {'cluster_no': 2, 'count': 170}, {'cluster_no': -1, 'count': 239}]"
500,15,12,0.0,7,239,0.6087133901196582,"[{'cluster_no': 3, 'count': 14}, {'cluster_no': 5, 'count': 30}, {'cluster_no': 0, 'count': 43}, {'cluster_no': 1, 'count': 43}, {'cluster_no': 4, 'count': 49}, {'cluster_no': 2, 'count': 170}, {'cluster_no': -1, 'count': 239}]"
500,15,13,0.0,7,239,0.6087133901196582,"[{'cluster_no': 3, 'count': 14}, {'cluster_no': 5, 'count': 30}, {'cluster_no': 0, 'count': 43}, {'cluster_no': 1, 'count': 43}, {'cluster_no': 4, 'count': 49}, {'cluster_no': 2, 'count': 170}, {'cluster_no': -1, 'count': 239}]"
500,15,14,0.0,7,239,0.6087133901196582,"[{'cluster_no': 3, 'count': 14}, {'cluster_no': 5, 'count': 30}, {'cluster_no': 0, 'count': 43}, {'cluster_no': 1, 'count': 43}, {'cluster_no': 4, 'count': 49}, {'cluster_no': 2, 'count': 170}, {'cluster_no': -1, 'count': 239}]"
500,15,15,0.0,5,190,0.48984844483758205,"[{'cluster_no': 0, 'count': 43}, {'cluster_no': 1, 'count': 43}, {'cluster_no': 2, 'count': 142}, {'cluster_no': 3, 'count': 170}, {'cluster_no': -1, 'count': 190}]"
